Wall time,Step,Value
1592211123.038778,0,0.7919297218322754
1592211151.393579,1,0.839501142501831
1592211179.492566,2,0.8514096140861511
1592211207.645756,3,0.8559730052947998
1592211235.746054,4,0.8612239956855774
1592211264.128041,5,0.8654435276985168
1592211292.233254,6,0.8695693016052246
1592211320.399412,7,0.8723510503768921
1592211348.497082,8,0.8769769072532654
1592211376.595115,9,0.8817903399467468
1592211404.676716,10,0.8857910633087158
1592211432.76982,11,0.8882915377616882
1592211460.945501,12,0.8896667957305908
1592211489.004847,13,0.8943239450454712
1592211517.040147,14,0.8959804773330688
1592211545.099836,15,0.9002625346183777
1592211573.361894,16,0.8999812602996826
1592211601.373441,17,0.9020128846168518
1592211629.412397,18,0.9075764417648315
1592211657.468404,19,0.9095455408096313
1592211685.554477,20,0.9104519486427307
1592211713.600777,21,0.9150153398513794
1592211741.648221,22,0.9153591394424438
1592211769.796447,23,0.9157341718673706
1592211797.83614,24,0.9184846878051758
1592211825.866701,25,0.9206413626670837
1592211853.902083,26,0.9221416711807251
1592211882.154634,27,0.9237044453620911
1592211910.202957,28,0.9262674450874329
1592211938.221924,29,0.9277051687240601
1592211966.218256,30,0.9272363781929016
1592211994.229929,31,0.9260486364364624
1592212022.232416,32,0.9303932189941406
1592212050.258726,33,0.9297055602073669
1592212078.394459,34,0.9346439838409424
1592212106.442739,35,0.9333624839782715
1592212134.490073,36,0.9335812926292419
1592212162.510038,37,0.9383947253227234
1592212190.670594,38,0.9373944997787476
1592212218.638179,39,0.9388948082923889
1592212246.639891,40,0.9409264326095581
1592212274.620181,41,0.9401137828826904
1592212302.621252,42,0.9389573335647583
1592212330.608423,43,0.9423954486846924
1592212358.623188,44,0.943770706653595
1592212386.73348,45,0.9460211396217346
1592212414.738292,46,0.9471463561058044
1592212442.710427,47,0.9456460475921631
1592212470.668746,48,0.9483965635299683
1592212498.859682,49,0.9488341808319092
1592212526.882458,50,0.9491154551506042
1592212554.890253,51,0.9497405886650085
1592212582.911334,52,0.9505532383918762
1592212610.912399,53,0.9513033628463745
1592212639.317378,54,0.9496155381202698
1592212667.910886,55,0.9502719044685364
1592212696.354692,56,0.9493029713630676
1592212724.665682,57,0.9526473879814148
1592212753.12027,58,0.9523348212242126
1592212781.593085,59,0.952366054058075
