Wall time,Step,Value
1592465532.566166,0,0.8187255859375
1592465597.640953,1,0.9075683355331421
1592465662.599131,2,0.9670654535293579
1592465727.415338,3,0.973706066608429
1592465792.305441,4,0.9786621332168579
1592465857.904533,5,0.9808105230331421
1592465922.875011,6,0.981860339641571
1592465987.752292,7,0.984326183795929
1592466052.456222,8,0.985278308391571
1592466117.033684,9,0.9859863519668579
1592466181.663948,10,0.98681640625
1592466246.548573,11,0.987744152545929
1592466311.263793,12,0.9881836175918579
1592466375.810083,13,0.9882568120956421
1592466440.425178,14,0.990063488483429
1592466505.092402,15,0.9902099370956421
1592466569.859351,16,0.990917980670929
1592466634.444414,17,0.9911133050918579
1592466698.873019,18,0.9916747808456421
1592466763.395557,19,0.992480456829071
1592466828.090159,20,0.9926513433456421
1592466892.76605,21,0.992480456829071
1592466957.200378,22,0.992138683795929
1592467021.589125,23,0.992919921875
1592467086.66854,24,0.9929443597793579
1592467151.60066,25,0.9941650629043579
1592467216.216934,26,0.9931885004043579
1592467280.398721,27,0.9939209222793579
1592467344.630996,28,0.99365234375
1592467408.905775,29,0.9946044683456421
1592467473.43169,30,0.994213879108429
1592467537.762687,31,0.9941161870956421
1592467602.148172,32,0.994702160358429
1592467666.402032,33,0.9946533441543579
1592467730.801706,34,0.9947754144668579
1592467795.344947,35,0.994580090045929
1592467859.540713,36,0.995654284954071
1592467923.81538,37,0.995166003704071
1592467988.039425,38,0.99462890625
1592468052.227413,39,0.9948486089706421
1592468116.756621,40,0.995068371295929
1592468180.968273,41,0.9951416254043579
1592468245.241106,42,0.995800793170929
1592468309.543302,43,0.9957519769668579
1592468373.776272,44,0.995678722858429
1592468438.271923,45,0.9957519769668579
1592468502.548968,46,0.995190441608429
1592468566.854784,47,0.9963134527206421
1592468631.176145,48,0.9961181879043579
1592468695.718481,49,0.9962402582168579
1592468760.140281,50,0.996167004108429
1592468824.325462,51,0.9964599609375
1592468888.50523,52,0.996289074420929
1592468952.743182,53,0.996533215045929
1592469017.342662,54,0.9966796636581421
1592469081.577047,55,0.99609375
1592469145.800433,56,0.996142566204071
1592469210.165561,57,0.996264636516571
1592469274.520574,58,0.9970947504043579
1592469339.073363,59,0.995678722858429
